--
-- PostgreSQL database dump
--

\restrict fEBPTawdax57VxorYfCBWvk26rE4agVC9P9Y3OBArc12TY30e5xlsZsl3rjdzJj

-- Dumped from database version 18.0
-- Dumped by pg_dump version 18.0

-- Started on 2025-11-08 15:53:51

SET statement_timeout = 0;
SET lock_timeout = 0;
SET idle_in_transaction_session_timeout = 0;
SET transaction_timeout = 0;
SET client_encoding = 'UTF8';
SET standard_conforming_strings = on;
SELECT pg_catalog.set_config('search_path', '', false);
SET check_function_bodies = false;
SET xmloption = content;
SET client_min_messages = warning;
SET row_security = off;

SET default_tablespace = '';

SET default_table_access_method = heap;

--
-- TOC entry 236 (class 1259 OID 16499)
-- Name: auth_group; Type: TABLE; Schema: public; Owner: postgres
--

CREATE TABLE public.auth_group (
    id integer NOT NULL,
    name character varying(150) NOT NULL
);


ALTER TABLE public.auth_group OWNER TO postgres;

--
-- TOC entry 235 (class 1259 OID 16498)
-- Name: auth_group_id_seq; Type: SEQUENCE; Schema: public; Owner: postgres
--

ALTER TABLE public.auth_group ALTER COLUMN id ADD GENERATED BY DEFAULT AS IDENTITY (
    SEQUENCE NAME public.auth_group_id_seq
    START WITH 1
    INCREMENT BY 1
    NO MINVALUE
    NO MAXVALUE
    CACHE 1
);


--
-- TOC entry 238 (class 1259 OID 16509)
-- Name: auth_group_permissions; Type: TABLE; Schema: public; Owner: postgres
--

CREATE TABLE public.auth_group_permissions (
    id bigint NOT NULL,
    group_id integer NOT NULL,
    permission_id integer NOT NULL
);


ALTER TABLE public.auth_group_permissions OWNER TO postgres;

--
-- TOC entry 237 (class 1259 OID 16508)
-- Name: auth_group_permissions_id_seq; Type: SEQUENCE; Schema: public; Owner: postgres
--

ALTER TABLE public.auth_group_permissions ALTER COLUMN id ADD GENERATED BY DEFAULT AS IDENTITY (
    SEQUENCE NAME public.auth_group_permissions_id_seq
    START WITH 1
    INCREMENT BY 1
    NO MINVALUE
    NO MAXVALUE
    CACHE 1
);


--
-- TOC entry 234 (class 1259 OID 16489)
-- Name: auth_permission; Type: TABLE; Schema: public; Owner: postgres
--

CREATE TABLE public.auth_permission (
    id integer NOT NULL,
    name character varying(255) NOT NULL,
    content_type_id integer NOT NULL,
    codename character varying(100) NOT NULL
);


ALTER TABLE public.auth_permission OWNER TO postgres;

--
-- TOC entry 233 (class 1259 OID 16488)
-- Name: auth_permission_id_seq; Type: SEQUENCE; Schema: public; Owner: postgres
--

ALTER TABLE public.auth_permission ALTER COLUMN id ADD GENERATED BY DEFAULT AS IDENTITY (
    SEQUENCE NAME public.auth_permission_id_seq
    START WITH 1
    INCREMENT BY 1
    NO MINVALUE
    NO MAXVALUE
    CACHE 1
);


--
-- TOC entry 240 (class 1259 OID 16518)
-- Name: auth_user; Type: TABLE; Schema: public; Owner: postgres
--

CREATE TABLE public.auth_user (
    id integer NOT NULL,
    password character varying(128) NOT NULL,
    last_login timestamp with time zone,
    is_superuser boolean NOT NULL,
    username character varying(150) NOT NULL,
    first_name character varying(150) NOT NULL,
    last_name character varying(150) NOT NULL,
    email character varying(254) NOT NULL,
    is_staff boolean NOT NULL,
    is_active boolean NOT NULL,
    date_joined timestamp with time zone NOT NULL
);


ALTER TABLE public.auth_user OWNER TO postgres;

--
-- TOC entry 242 (class 1259 OID 16537)
-- Name: auth_user_groups; Type: TABLE; Schema: public; Owner: postgres
--

CREATE TABLE public.auth_user_groups (
    id bigint NOT NULL,
    user_id integer NOT NULL,
    group_id integer NOT NULL
);


ALTER TABLE public.auth_user_groups OWNER TO postgres;

--
-- TOC entry 241 (class 1259 OID 16536)
-- Name: auth_user_groups_id_seq; Type: SEQUENCE; Schema: public; Owner: postgres
--

ALTER TABLE public.auth_user_groups ALTER COLUMN id ADD GENERATED BY DEFAULT AS IDENTITY (
    SEQUENCE NAME public.auth_user_groups_id_seq
    START WITH 1
    INCREMENT BY 1
    NO MINVALUE
    NO MAXVALUE
    CACHE 1
);


--
-- TOC entry 239 (class 1259 OID 16517)
-- Name: auth_user_id_seq; Type: SEQUENCE; Schema: public; Owner: postgres
--

ALTER TABLE public.auth_user ALTER COLUMN id ADD GENERATED BY DEFAULT AS IDENTITY (
    SEQUENCE NAME public.auth_user_id_seq
    START WITH 1
    INCREMENT BY 1
    NO MINVALUE
    NO MAXVALUE
    CACHE 1
);


--
-- TOC entry 244 (class 1259 OID 16546)
-- Name: auth_user_user_permissions; Type: TABLE; Schema: public; Owner: postgres
--

CREATE TABLE public.auth_user_user_permissions (
    id bigint NOT NULL,
    user_id integer NOT NULL,
    permission_id integer NOT NULL
);


ALTER TABLE public.auth_user_user_permissions OWNER TO postgres;

--
-- TOC entry 243 (class 1259 OID 16545)
-- Name: auth_user_user_permissions_id_seq; Type: SEQUENCE; Schema: public; Owner: postgres
--

ALTER TABLE public.auth_user_user_permissions ALTER COLUMN id ADD GENERATED BY DEFAULT AS IDENTITY (
    SEQUENCE NAME public.auth_user_user_permissions_id_seq
    START WITH 1
    INCREMENT BY 1
    NO MINVALUE
    NO MAXVALUE
    CACHE 1
);


--
-- TOC entry 246 (class 1259 OID 16607)
-- Name: django_admin_log; Type: TABLE; Schema: public; Owner: postgres
--

CREATE TABLE public.django_admin_log (
    id integer NOT NULL,
    action_time timestamp with time zone NOT NULL,
    object_id text,
    object_repr character varying(200) NOT NULL,
    action_flag smallint NOT NULL,
    change_message text NOT NULL,
    content_type_id integer,
    user_id integer NOT NULL,
    CONSTRAINT django_admin_log_action_flag_check CHECK ((action_flag >= 0))
);


ALTER TABLE public.django_admin_log OWNER TO postgres;

--
-- TOC entry 245 (class 1259 OID 16606)
-- Name: django_admin_log_id_seq; Type: SEQUENCE; Schema: public; Owner: postgres
--

ALTER TABLE public.django_admin_log ALTER COLUMN id ADD GENERATED BY DEFAULT AS IDENTITY (
    SEQUENCE NAME public.django_admin_log_id_seq
    START WITH 1
    INCREMENT BY 1
    NO MINVALUE
    NO MAXVALUE
    CACHE 1
);


--
-- TOC entry 232 (class 1259 OID 16477)
-- Name: django_content_type; Type: TABLE; Schema: public; Owner: postgres
--

CREATE TABLE public.django_content_type (
    id integer NOT NULL,
    app_label character varying(100) NOT NULL,
    model character varying(100) NOT NULL
);


ALTER TABLE public.django_content_type OWNER TO postgres;

--
-- TOC entry 231 (class 1259 OID 16476)
-- Name: django_content_type_id_seq; Type: SEQUENCE; Schema: public; Owner: postgres
--

ALTER TABLE public.django_content_type ALTER COLUMN id ADD GENERATED BY DEFAULT AS IDENTITY (
    SEQUENCE NAME public.django_content_type_id_seq
    START WITH 1
    INCREMENT BY 1
    NO MINVALUE
    NO MAXVALUE
    CACHE 1
);


--
-- TOC entry 230 (class 1259 OID 16465)
-- Name: django_migrations; Type: TABLE; Schema: public; Owner: postgres
--

CREATE TABLE public.django_migrations (
    id bigint NOT NULL,
    app character varying(255) NOT NULL,
    name character varying(255) NOT NULL,
    applied timestamp with time zone NOT NULL
);


ALTER TABLE public.django_migrations OWNER TO postgres;

--
-- TOC entry 229 (class 1259 OID 16464)
-- Name: django_migrations_id_seq; Type: SEQUENCE; Schema: public; Owner: postgres
--

ALTER TABLE public.django_migrations ALTER COLUMN id ADD GENERATED BY DEFAULT AS IDENTITY (
    SEQUENCE NAME public.django_migrations_id_seq
    START WITH 1
    INCREMENT BY 1
    NO MINVALUE
    NO MAXVALUE
    CACHE 1
);


--
-- TOC entry 247 (class 1259 OID 16648)
-- Name: django_session; Type: TABLE; Schema: public; Owner: postgres
--

CREATE TABLE public.django_session (
    session_key character varying(40) NOT NULL,
    session_data text NOT NULL,
    expire_date timestamp with time zone NOT NULL
);


ALTER TABLE public.django_session OWNER TO postgres;

--
-- TOC entry 228 (class 1259 OID 16450)
-- Name: estadisticas_reportes; Type: TABLE; Schema: public; Owner: postgres
--

CREATE TABLE public.estadisticas_reportes (
    id_estadistica integer NOT NULL,
    id_reporte integer,
    cantidad integer,
    consecuencias text,
    severidad character varying(50),
    fase_ocurrencia character varying(100),
    otros text
);


ALTER TABLE public.estadisticas_reportes OWNER TO postgres;

--
-- TOC entry 227 (class 1259 OID 16449)
-- Name: estadisticas_reportes_id_estadistica_seq; Type: SEQUENCE; Schema: public; Owner: postgres
--

CREATE SEQUENCE public.estadisticas_reportes_id_estadistica_seq
    AS integer
    START WITH 1
    INCREMENT BY 1
    NO MINVALUE
    NO MAXVALUE
    CACHE 1;


ALTER SEQUENCE public.estadisticas_reportes_id_estadistica_seq OWNER TO postgres;

--
-- TOC entry 5218 (class 0 OID 0)
-- Dependencies: 227
-- Name: estadisticas_reportes_id_estadistica_seq; Type: SEQUENCE OWNED BY; Schema: public; Owner: postgres
--

ALTER SEQUENCE public.estadisticas_reportes_id_estadistica_seq OWNED BY public.estadisticas_reportes.id_estadistica;


--
-- TOC entry 226 (class 1259 OID 16433)
-- Name: reportes; Type: TABLE; Schema: public; Owner: postgres
--

CREATE TABLE public.reportes (
    id_reporte integer NOT NULL,
    id_usuario integer,
    tipo_reporte character varying(20),
    descripcion text,
    fecha_reporte timestamp without time zone DEFAULT CURRENT_TIMESTAMP,
    CONSTRAINT reportes_tipo_reporte_check CHECK (((tipo_reporte)::text = ANY ((ARRAY['Voluntario'::character varying, 'Obligatorio'::character varying])::text[])))
);


ALTER TABLE public.reportes OWNER TO postgres;

--
-- TOC entry 225 (class 1259 OID 16432)
-- Name: reportes_id_reporte_seq; Type: SEQUENCE; Schema: public; Owner: postgres
--

CREATE SEQUENCE public.reportes_id_reporte_seq
    AS integer
    START WITH 1
    INCREMENT BY 1
    NO MINVALUE
    NO MAXVALUE
    CACHE 1;


ALTER SEQUENCE public.reportes_id_reporte_seq OWNER TO postgres;

--
-- TOC entry 5219 (class 0 OID 0)
-- Dependencies: 225
-- Name: reportes_id_reporte_seq; Type: SEQUENCE OWNED BY; Schema: public; Owner: postgres
--

ALTER SEQUENCE public.reportes_id_reporte_seq OWNED BY public.reportes.id_reporte;


--
-- TOC entry 220 (class 1259 OID 16391)
-- Name: roles; Type: TABLE; Schema: public; Owner: postgres
--

CREATE TABLE public.roles (
    id_rol integer NOT NULL,
    nombre character varying(50) NOT NULL
);


ALTER TABLE public.roles OWNER TO postgres;

--
-- TOC entry 219 (class 1259 OID 16390)
-- Name: roles_id_rol_seq; Type: SEQUENCE; Schema: public; Owner: postgres
--

CREATE SEQUENCE public.roles_id_rol_seq
    AS integer
    START WITH 1
    INCREMENT BY 1
    NO MINVALUE
    NO MAXVALUE
    CACHE 1;


ALTER SEQUENCE public.roles_id_rol_seq OWNER TO postgres;

--
-- TOC entry 5220 (class 0 OID 0)
-- Dependencies: 219
-- Name: roles_id_rol_seq; Type: SEQUENCE OWNED BY; Schema: public; Owner: postgres
--

ALTER SEQUENCE public.roles_id_rol_seq OWNED BY public.roles.id_rol;


--
-- TOC entry 222 (class 1259 OID 16400)
-- Name: tipos_usuario; Type: TABLE; Schema: public; Owner: postgres
--

CREATE TABLE public.tipos_usuario (
    id_tipo integer NOT NULL,
    nombre character varying(50) NOT NULL
);


ALTER TABLE public.tipos_usuario OWNER TO postgres;

--
-- TOC entry 221 (class 1259 OID 16399)
-- Name: tipos_usuario_id_tipo_seq; Type: SEQUENCE; Schema: public; Owner: postgres
--

CREATE SEQUENCE public.tipos_usuario_id_tipo_seq
    AS integer
    START WITH 1
    INCREMENT BY 1
    NO MINVALUE
    NO MAXVALUE
    CACHE 1;


ALTER SEQUENCE public.tipos_usuario_id_tipo_seq OWNER TO postgres;

--
-- TOC entry 5221 (class 0 OID 0)
-- Dependencies: 221
-- Name: tipos_usuario_id_tipo_seq; Type: SEQUENCE OWNED BY; Schema: public; Owner: postgres
--

ALTER SEQUENCE public.tipos_usuario_id_tipo_seq OWNED BY public.tipos_usuario.id_tipo;


--
-- TOC entry 224 (class 1259 OID 16409)
-- Name: usuarios; Type: TABLE; Schema: public; Owner: postgres
--

CREATE TABLE public.usuarios (
    id_usuario integer NOT NULL,
    nombre character varying(100) NOT NULL,
    correo character varying(100) NOT NULL,
    password character varying(255) CONSTRAINT usuarios_contrasena_not_null NOT NULL,
    id_rol integer,
    id_tipo integer,
    fecha_registro timestamp without time zone DEFAULT CURRENT_TIMESTAMP,
    last_login timestamp with time zone,
    is_superuser boolean DEFAULT false NOT NULL,
    is_staff boolean DEFAULT false NOT NULL,
    is_active boolean DEFAULT true NOT NULL
);


ALTER TABLE public.usuarios OWNER TO postgres;

--
-- TOC entry 249 (class 1259 OID 16668)
-- Name: usuarios_groups; Type: TABLE; Schema: public; Owner: postgres
--

CREATE TABLE public.usuarios_groups (
    id integer NOT NULL,
    usuario_id integer NOT NULL,
    group_id integer NOT NULL
);


ALTER TABLE public.usuarios_groups OWNER TO postgres;

--
-- TOC entry 248 (class 1259 OID 16667)
-- Name: usuarios_groups_id_seq; Type: SEQUENCE; Schema: public; Owner: postgres
--

CREATE SEQUENCE public.usuarios_groups_id_seq
    AS integer
    START WITH 1
    INCREMENT BY 1
    NO MINVALUE
    NO MAXVALUE
    CACHE 1;


ALTER SEQUENCE public.usuarios_groups_id_seq OWNER TO postgres;

--
-- TOC entry 5222 (class 0 OID 0)
-- Dependencies: 248
-- Name: usuarios_groups_id_seq; Type: SEQUENCE OWNED BY; Schema: public; Owner: postgres
--

ALTER SEQUENCE public.usuarios_groups_id_seq OWNED BY public.usuarios_groups.id;


--
-- TOC entry 223 (class 1259 OID 16408)
-- Name: usuarios_id_usuario_seq; Type: SEQUENCE; Schema: public; Owner: postgres
--

CREATE SEQUENCE public.usuarios_id_usuario_seq
    AS integer
    START WITH 1
    INCREMENT BY 1
    NO MINVALUE
    NO MAXVALUE
    CACHE 1;


ALTER SEQUENCE public.usuarios_id_usuario_seq OWNER TO postgres;

--
-- TOC entry 5223 (class 0 OID 0)
-- Dependencies: 223
-- Name: usuarios_id_usuario_seq; Type: SEQUENCE OWNED BY; Schema: public; Owner: postgres
--

ALTER SEQUENCE public.usuarios_id_usuario_seq OWNED BY public.usuarios.id_usuario;


--
-- TOC entry 251 (class 1259 OID 16690)
-- Name: usuarios_user_permissions; Type: TABLE; Schema: public; Owner: postgres
--

CREATE TABLE public.usuarios_user_permissions (
    id integer NOT NULL,
    usuario_id integer NOT NULL,
    permission_id integer NOT NULL
);


ALTER TABLE public.usuarios_user_permissions OWNER TO postgres;

--
-- TOC entry 250 (class 1259 OID 16689)
-- Name: usuarios_user_permissions_id_seq; Type: SEQUENCE; Schema: public; Owner: postgres
--

CREATE SEQUENCE public.usuarios_user_permissions_id_seq
    AS integer
    START WITH 1
    INCREMENT BY 1
    NO MINVALUE
    NO MAXVALUE
    CACHE 1;


ALTER SEQUENCE public.usuarios_user_permissions_id_seq OWNER TO postgres;

--
-- TOC entry 5224 (class 0 OID 0)
-- Dependencies: 250
-- Name: usuarios_user_permissions_id_seq; Type: SEQUENCE OWNED BY; Schema: public; Owner: postgres
--

ALTER SEQUENCE public.usuarios_user_permissions_id_seq OWNED BY public.usuarios_user_permissions.id;


--
-- TOC entry 4944 (class 2604 OID 16453)
-- Name: estadisticas_reportes id_estadistica; Type: DEFAULT; Schema: public; Owner: postgres
--

ALTER TABLE ONLY public.estadisticas_reportes ALTER COLUMN id_estadistica SET DEFAULT nextval('public.estadisticas_reportes_id_estadistica_seq'::regclass);


--
-- TOC entry 4942 (class 2604 OID 16436)
-- Name: reportes id_reporte; Type: DEFAULT; Schema: public; Owner: postgres
--

ALTER TABLE ONLY public.reportes ALTER COLUMN id_reporte SET DEFAULT nextval('public.reportes_id_reporte_seq'::regclass);


--
-- TOC entry 4935 (class 2604 OID 16394)
-- Name: roles id_rol; Type: DEFAULT; Schema: public; Owner: postgres
--

ALTER TABLE ONLY public.roles ALTER COLUMN id_rol SET DEFAULT nextval('public.roles_id_rol_seq'::regclass);


--
-- TOC entry 4936 (class 2604 OID 16403)
-- Name: tipos_usuario id_tipo; Type: DEFAULT; Schema: public; Owner: postgres
--

ALTER TABLE ONLY public.tipos_usuario ALTER COLUMN id_tipo SET DEFAULT nextval('public.tipos_usuario_id_tipo_seq'::regclass);


--
-- TOC entry 4937 (class 2604 OID 16412)
-- Name: usuarios id_usuario; Type: DEFAULT; Schema: public; Owner: postgres
--

ALTER TABLE ONLY public.usuarios ALTER COLUMN id_usuario SET DEFAULT nextval('public.usuarios_id_usuario_seq'::regclass);


--
-- TOC entry 4945 (class 2604 OID 16671)
-- Name: usuarios_groups id; Type: DEFAULT; Schema: public; Owner: postgres
--

ALTER TABLE ONLY public.usuarios_groups ALTER COLUMN id SET DEFAULT nextval('public.usuarios_groups_id_seq'::regclass);


--
-- TOC entry 4946 (class 2604 OID 16693)
-- Name: usuarios_user_permissions id; Type: DEFAULT; Schema: public; Owner: postgres
--

ALTER TABLE ONLY public.usuarios_user_permissions ALTER COLUMN id SET DEFAULT nextval('public.usuarios_user_permissions_id_seq'::regclass);


--
-- TOC entry 5197 (class 0 OID 16499)
-- Dependencies: 236
-- Data for Name: auth_group; Type: TABLE DATA; Schema: public; Owner: postgres
--

COPY public.auth_group (id, name) FROM stdin;
\.


--
-- TOC entry 5199 (class 0 OID 16509)
-- Dependencies: 238
-- Data for Name: auth_group_permissions; Type: TABLE DATA; Schema: public; Owner: postgres
--

COPY public.auth_group_permissions (id, group_id, permission_id) FROM stdin;
\.


--
-- TOC entry 5195 (class 0 OID 16489)
-- Dependencies: 234
-- Data for Name: auth_permission; Type: TABLE DATA; Schema: public; Owner: postgres
--

COPY public.auth_permission (id, name, content_type_id, codename) FROM stdin;
1	Can add log entry	1	add_logentry
2	Can change log entry	1	change_logentry
3	Can delete log entry	1	delete_logentry
4	Can view log entry	1	view_logentry
5	Can add permission	2	add_permission
6	Can change permission	2	change_permission
7	Can delete permission	2	delete_permission
8	Can view permission	2	view_permission
9	Can add group	3	add_group
10	Can change group	3	change_group
11	Can delete group	3	delete_group
12	Can view group	3	view_group
13	Can add user	4	add_user
14	Can change user	4	change_user
15	Can delete user	4	delete_user
16	Can view user	4	view_user
17	Can add content type	5	add_contenttype
18	Can change content type	5	change_contenttype
19	Can delete content type	5	delete_contenttype
20	Can view content type	5	view_contenttype
21	Can add session	6	add_session
22	Can change session	6	change_session
23	Can delete session	6	delete_session
24	Can view session	6	view_session
25	Can add reporte	7	add_reporte
26	Can change reporte	7	change_reporte
27	Can delete reporte	7	delete_reporte
28	Can view reporte	7	view_reporte
29	Can add rol	8	add_rol
30	Can change rol	8	change_rol
31	Can delete rol	8	delete_rol
32	Can view rol	8	view_rol
33	Can add tipo usuario	9	add_tipousuario
34	Can change tipo usuario	9	change_tipousuario
35	Can delete tipo usuario	9	delete_tipousuario
36	Can view tipo usuario	9	view_tipousuario
37	Can add estadisticas reporte	10	add_estadisticasreporte
38	Can change estadisticas reporte	10	change_estadisticasreporte
39	Can delete estadisticas reporte	10	delete_estadisticasreporte
40	Can view estadisticas reporte	10	view_estadisticasreporte
41	Can add usuario	11	add_usuario
42	Can change usuario	11	change_usuario
43	Can delete usuario	11	delete_usuario
44	Can view usuario	11	view_usuario
\.


--
-- TOC entry 5201 (class 0 OID 16518)
-- Dependencies: 240
-- Data for Name: auth_user; Type: TABLE DATA; Schema: public; Owner: postgres
--

COPY public.auth_user (id, password, last_login, is_superuser, username, first_name, last_name, email, is_staff, is_active, date_joined) FROM stdin;
\.


--
-- TOC entry 5203 (class 0 OID 16537)
-- Dependencies: 242
-- Data for Name: auth_user_groups; Type: TABLE DATA; Schema: public; Owner: postgres
--

COPY public.auth_user_groups (id, user_id, group_id) FROM stdin;
\.


--
-- TOC entry 5205 (class 0 OID 16546)
-- Dependencies: 244
-- Data for Name: auth_user_user_permissions; Type: TABLE DATA; Schema: public; Owner: postgres
--

COPY public.auth_user_user_permissions (id, user_id, permission_id) FROM stdin;
\.


--
-- TOC entry 5207 (class 0 OID 16607)
-- Dependencies: 246
-- Data for Name: django_admin_log; Type: TABLE DATA; Schema: public; Owner: postgres
--

COPY public.django_admin_log (id, action_time, object_id, object_repr, action_flag, change_message, content_type_id, user_id) FROM stdin;
\.


--
-- TOC entry 5193 (class 0 OID 16477)
-- Dependencies: 232
-- Data for Name: django_content_type; Type: TABLE DATA; Schema: public; Owner: postgres
--

COPY public.django_content_type (id, app_label, model) FROM stdin;
1	admin	logentry
2	auth	permission
3	auth	group
4	auth	user
5	contenttypes	contenttype
6	sessions	session
7	api	reporte
8	api	rol
9	api	tipousuario
10	api	estadisticasreporte
11	api	usuario
\.


--
-- TOC entry 5191 (class 0 OID 16465)
-- Dependencies: 230
-- Data for Name: django_migrations; Type: TABLE DATA; Schema: public; Owner: postgres
--

COPY public.django_migrations (id, app, name, applied) FROM stdin;
1	contenttypes	0001_initial	2025-10-28 21:40:08.98998-06
2	auth	0001_initial	2025-10-28 21:40:09.1952-06
3	admin	0001_initial	2025-10-28 21:40:09.262539-06
4	admin	0002_logentry_remove_auto_add	2025-10-28 21:40:09.278348-06
5	admin	0003_logentry_add_action_flag_choices	2025-10-28 21:40:09.294959-06
6	api	0001_initial	2025-10-28 21:40:58.310773-06
7	contenttypes	0002_remove_content_type_name	2025-10-28 21:40:58.357416-06
8	auth	0002_alter_permission_name_max_length	2025-10-28 21:40:58.383218-06
9	auth	0003_alter_user_email_max_length	2025-10-28 21:40:58.407779-06
10	auth	0004_alter_user_username_opts	2025-10-28 21:40:58.424921-06
11	auth	0005_alter_user_last_login_null	2025-10-28 21:40:58.451892-06
12	auth	0006_require_contenttypes_0002	2025-10-28 21:40:58.468066-06
13	auth	0007_alter_validators_add_error_messages	2025-10-28 21:40:58.486829-06
14	auth	0008_alter_user_username_max_length	2025-10-28 21:40:58.543636-06
15	auth	0009_alter_user_last_name_max_length	2025-10-28 21:40:58.560997-06
16	auth	0010_alter_group_name_max_length	2025-10-28 21:40:58.581188-06
17	auth	0011_update_proxy_permissions	2025-10-28 21:40:58.614908-06
18	auth	0012_alter_user_first_name_max_length	2025-10-28 21:40:58.630207-06
19	sessions	0001_initial	2025-10-28 21:40:58.67117-06
22	api	0002_remove_usuario_contrasena_usuario_groups_and_more	2025-11-07 20:18:53.02842-06
\.


--
-- TOC entry 5208 (class 0 OID 16648)
-- Dependencies: 247
-- Data for Name: django_session; Type: TABLE DATA; Schema: public; Owner: postgres
--

COPY public.django_session (session_key, session_data, expire_date) FROM stdin;
\.


--
-- TOC entry 5189 (class 0 OID 16450)
-- Dependencies: 228
-- Data for Name: estadisticas_reportes; Type: TABLE DATA; Schema: public; Owner: postgres
--

COPY public.estadisticas_reportes (id_estadistica, id_reporte, cantidad, consecuencias, severidad, fase_ocurrencia, otros) FROM stdin;
\.


--
-- TOC entry 5187 (class 0 OID 16433)
-- Dependencies: 226
-- Data for Name: reportes; Type: TABLE DATA; Schema: public; Owner: postgres
--

COPY public.reportes (id_reporte, id_usuario, tipo_reporte, descripcion, fecha_reporte) FROM stdin;
\.


--
-- TOC entry 5181 (class 0 OID 16391)
-- Dependencies: 220
-- Data for Name: roles; Type: TABLE DATA; Schema: public; Owner: postgres
--

COPY public.roles (id_rol, nombre) FROM stdin;
1	Responsable de seguridad operacional
2	Auxiliar del Responsable
3	Usuarios
4	Administrador General
\.


--
-- TOC entry 5183 (class 0 OID 16400)
-- Dependencies: 222
-- Data for Name: tipos_usuario; Type: TABLE DATA; Schema: public; Owner: postgres
--

COPY public.tipos_usuario (id_tipo, nombre) FROM stdin;
1	Alumno
2	Instructor
3	Técnico
4	Personal Operativo
5	Administrador
\.


--
-- TOC entry 5185 (class 0 OID 16409)
-- Dependencies: 224
-- Data for Name: usuarios; Type: TABLE DATA; Schema: public; Owner: postgres
--

COPY public.usuarios (id_usuario, nombre, correo, password, id_rol, id_tipo, fecha_registro, last_login, is_superuser, is_staff, is_active) FROM stdin;
1	Jovany	jovany@aeronacional.com	pbkdf2_sha256$1000000$t4xegS18929tfOwPHc6ciE$daKtJQDU0UcSzoEJb+onUEnwS0MsQUqYSPJrlM2Ft4U=	4	5	2025-11-07 02:08:15.800053	\N	f	f	t
\.


--
-- TOC entry 5210 (class 0 OID 16668)
-- Dependencies: 249
-- Data for Name: usuarios_groups; Type: TABLE DATA; Schema: public; Owner: postgres
--

COPY public.usuarios_groups (id, usuario_id, group_id) FROM stdin;
\.


--
-- TOC entry 5212 (class 0 OID 16690)
-- Dependencies: 251
-- Data for Name: usuarios_user_permissions; Type: TABLE DATA; Schema: public; Owner: postgres
--

COPY public.usuarios_user_permissions (id, usuario_id, permission_id) FROM stdin;
\.


--
-- TOC entry 5225 (class 0 OID 0)
-- Dependencies: 235
-- Name: auth_group_id_seq; Type: SEQUENCE SET; Schema: public; Owner: postgres
--

SELECT pg_catalog.setval('public.auth_group_id_seq', 1, false);


--
-- TOC entry 5226 (class 0 OID 0)
-- Dependencies: 237
-- Name: auth_group_permissions_id_seq; Type: SEQUENCE SET; Schema: public; Owner: postgres
--

SELECT pg_catalog.setval('public.auth_group_permissions_id_seq', 1, false);


--
-- TOC entry 5227 (class 0 OID 0)
-- Dependencies: 233
-- Name: auth_permission_id_seq; Type: SEQUENCE SET; Schema: public; Owner: postgres
--

SELECT pg_catalog.setval('public.auth_permission_id_seq', 44, true);


--
-- TOC entry 5228 (class 0 OID 0)
-- Dependencies: 241
-- Name: auth_user_groups_id_seq; Type: SEQUENCE SET; Schema: public; Owner: postgres
--

SELECT pg_catalog.setval('public.auth_user_groups_id_seq', 1, false);


--
-- TOC entry 5229 (class 0 OID 0)
-- Dependencies: 239
-- Name: auth_user_id_seq; Type: SEQUENCE SET; Schema: public; Owner: postgres
--

SELECT pg_catalog.setval('public.auth_user_id_seq', 1, false);


--
-- TOC entry 5230 (class 0 OID 0)
-- Dependencies: 243
-- Name: auth_user_user_permissions_id_seq; Type: SEQUENCE SET; Schema: public; Owner: postgres
--

SELECT pg_catalog.setval('public.auth_user_user_permissions_id_seq', 1, false);


--
-- TOC entry 5231 (class 0 OID 0)
-- Dependencies: 245
-- Name: django_admin_log_id_seq; Type: SEQUENCE SET; Schema: public; Owner: postgres
--

SELECT pg_catalog.setval('public.django_admin_log_id_seq', 1, false);


--
-- TOC entry 5232 (class 0 OID 0)
-- Dependencies: 231
-- Name: django_content_type_id_seq; Type: SEQUENCE SET; Schema: public; Owner: postgres
--

SELECT pg_catalog.setval('public.django_content_type_id_seq', 11, true);


--
-- TOC entry 5233 (class 0 OID 0)
-- Dependencies: 229
-- Name: django_migrations_id_seq; Type: SEQUENCE SET; Schema: public; Owner: postgres
--

SELECT pg_catalog.setval('public.django_migrations_id_seq', 22, true);


--
-- TOC entry 5234 (class 0 OID 0)
-- Dependencies: 227
-- Name: estadisticas_reportes_id_estadistica_seq; Type: SEQUENCE SET; Schema: public; Owner: postgres
--

SELECT pg_catalog.setval('public.estadisticas_reportes_id_estadistica_seq', 1, false);


--
-- TOC entry 5235 (class 0 OID 0)
-- Dependencies: 225
-- Name: reportes_id_reporte_seq; Type: SEQUENCE SET; Schema: public; Owner: postgres
--

SELECT pg_catalog.setval('public.reportes_id_reporte_seq', 1, false);


--
-- TOC entry 5236 (class 0 OID 0)
-- Dependencies: 219
-- Name: roles_id_rol_seq; Type: SEQUENCE SET; Schema: public; Owner: postgres
--

SELECT pg_catalog.setval('public.roles_id_rol_seq', 4, true);


--
-- TOC entry 5237 (class 0 OID 0)
-- Dependencies: 221
-- Name: tipos_usuario_id_tipo_seq; Type: SEQUENCE SET; Schema: public; Owner: postgres
--

SELECT pg_catalog.setval('public.tipos_usuario_id_tipo_seq', 5, true);


--
-- TOC entry 5238 (class 0 OID 0)
-- Dependencies: 248
-- Name: usuarios_groups_id_seq; Type: SEQUENCE SET; Schema: public; Owner: postgres
--

SELECT pg_catalog.setval('public.usuarios_groups_id_seq', 1, false);


--
-- TOC entry 5239 (class 0 OID 0)
-- Dependencies: 223
-- Name: usuarios_id_usuario_seq; Type: SEQUENCE SET; Schema: public; Owner: postgres
--

SELECT pg_catalog.setval('public.usuarios_id_usuario_seq', 1, true);


--
-- TOC entry 5240 (class 0 OID 0)
-- Dependencies: 250
-- Name: usuarios_user_permissions_id_seq; Type: SEQUENCE SET; Schema: public; Owner: postgres
--

SELECT pg_catalog.setval('public.usuarios_user_permissions_id_seq', 1, false);


--
-- TOC entry 4974 (class 2606 OID 16644)
-- Name: auth_group auth_group_name_key; Type: CONSTRAINT; Schema: public; Owner: postgres
--

ALTER TABLE ONLY public.auth_group
    ADD CONSTRAINT auth_group_name_key UNIQUE (name);


--
-- TOC entry 4979 (class 2606 OID 16564)
-- Name: auth_group_permissions auth_group_permissions_group_id_permission_id_0cd325b0_uniq; Type: CONSTRAINT; Schema: public; Owner: postgres
--

ALTER TABLE ONLY public.auth_group_permissions
    ADD CONSTRAINT auth_group_permissions_group_id_permission_id_0cd325b0_uniq UNIQUE (group_id, permission_id);


--
-- TOC entry 4982 (class 2606 OID 16516)
-- Name: auth_group_permissions auth_group_permissions_pkey; Type: CONSTRAINT; Schema: public; Owner: postgres
--

ALTER TABLE ONLY public.auth_group_permissions
    ADD CONSTRAINT auth_group_permissions_pkey PRIMARY KEY (id);


--
-- TOC entry 4976 (class 2606 OID 16505)
-- Name: auth_group auth_group_pkey; Type: CONSTRAINT; Schema: public; Owner: postgres
--

ALTER TABLE ONLY public.auth_group
    ADD CONSTRAINT auth_group_pkey PRIMARY KEY (id);


--
-- TOC entry 4969 (class 2606 OID 16555)
-- Name: auth_permission auth_permission_content_type_id_codename_01ab375a_uniq; Type: CONSTRAINT; Schema: public; Owner: postgres
--

ALTER TABLE ONLY public.auth_permission
    ADD CONSTRAINT auth_permission_content_type_id_codename_01ab375a_uniq UNIQUE (content_type_id, codename);


--
-- TOC entry 4971 (class 2606 OID 16497)
-- Name: auth_permission auth_permission_pkey; Type: CONSTRAINT; Schema: public; Owner: postgres
--

ALTER TABLE ONLY public.auth_permission
    ADD CONSTRAINT auth_permission_pkey PRIMARY KEY (id);


--
-- TOC entry 4990 (class 2606 OID 16544)
-- Name: auth_user_groups auth_user_groups_pkey; Type: CONSTRAINT; Schema: public; Owner: postgres
--

ALTER TABLE ONLY public.auth_user_groups
    ADD CONSTRAINT auth_user_groups_pkey PRIMARY KEY (id);


--
-- TOC entry 4993 (class 2606 OID 16579)
-- Name: auth_user_groups auth_user_groups_user_id_group_id_94350c0c_uniq; Type: CONSTRAINT; Schema: public; Owner: postgres
--

ALTER TABLE ONLY public.auth_user_groups
    ADD CONSTRAINT auth_user_groups_user_id_group_id_94350c0c_uniq UNIQUE (user_id, group_id);


--
-- TOC entry 4984 (class 2606 OID 16533)
-- Name: auth_user auth_user_pkey; Type: CONSTRAINT; Schema: public; Owner: postgres
--

ALTER TABLE ONLY public.auth_user
    ADD CONSTRAINT auth_user_pkey PRIMARY KEY (id);


--
-- TOC entry 4996 (class 2606 OID 16553)
-- Name: auth_user_user_permissions auth_user_user_permissions_pkey; Type: CONSTRAINT; Schema: public; Owner: postgres
--

ALTER TABLE ONLY public.auth_user_user_permissions
    ADD CONSTRAINT auth_user_user_permissions_pkey PRIMARY KEY (id);


--
-- TOC entry 4999 (class 2606 OID 16593)
-- Name: auth_user_user_permissions auth_user_user_permissions_user_id_permission_id_14a6b632_uniq; Type: CONSTRAINT; Schema: public; Owner: postgres
--

ALTER TABLE ONLY public.auth_user_user_permissions
    ADD CONSTRAINT auth_user_user_permissions_user_id_permission_id_14a6b632_uniq UNIQUE (user_id, permission_id);


--
-- TOC entry 4987 (class 2606 OID 16637)
-- Name: auth_user auth_user_username_key; Type: CONSTRAINT; Schema: public; Owner: postgres
--

ALTER TABLE ONLY public.auth_user
    ADD CONSTRAINT auth_user_username_key UNIQUE (username);


--
-- TOC entry 5002 (class 2606 OID 16620)
-- Name: django_admin_log django_admin_log_pkey; Type: CONSTRAINT; Schema: public; Owner: postgres
--

ALTER TABLE ONLY public.django_admin_log
    ADD CONSTRAINT django_admin_log_pkey PRIMARY KEY (id);


--
-- TOC entry 4964 (class 2606 OID 16487)
-- Name: django_content_type django_content_type_app_label_model_76bd3d3b_uniq; Type: CONSTRAINT; Schema: public; Owner: postgres
--

ALTER TABLE ONLY public.django_content_type
    ADD CONSTRAINT django_content_type_app_label_model_76bd3d3b_uniq UNIQUE (app_label, model);


--
-- TOC entry 4966 (class 2606 OID 16485)
-- Name: django_content_type django_content_type_pkey; Type: CONSTRAINT; Schema: public; Owner: postgres
--

ALTER TABLE ONLY public.django_content_type
    ADD CONSTRAINT django_content_type_pkey PRIMARY KEY (id);


--
-- TOC entry 4962 (class 2606 OID 16475)
-- Name: django_migrations django_migrations_pkey; Type: CONSTRAINT; Schema: public; Owner: postgres
--

ALTER TABLE ONLY public.django_migrations
    ADD CONSTRAINT django_migrations_pkey PRIMARY KEY (id);


--
-- TOC entry 5006 (class 2606 OID 16657)
-- Name: django_session django_session_pkey; Type: CONSTRAINT; Schema: public; Owner: postgres
--

ALTER TABLE ONLY public.django_session
    ADD CONSTRAINT django_session_pkey PRIMARY KEY (session_key);


--
-- TOC entry 4960 (class 2606 OID 16458)
-- Name: estadisticas_reportes estadisticas_reportes_pkey; Type: CONSTRAINT; Schema: public; Owner: postgres
--

ALTER TABLE ONLY public.estadisticas_reportes
    ADD CONSTRAINT estadisticas_reportes_pkey PRIMARY KEY (id_estadistica);


--
-- TOC entry 4958 (class 2606 OID 16443)
-- Name: reportes reportes_pkey; Type: CONSTRAINT; Schema: public; Owner: postgres
--

ALTER TABLE ONLY public.reportes
    ADD CONSTRAINT reportes_pkey PRIMARY KEY (id_reporte);


--
-- TOC entry 4950 (class 2606 OID 16398)
-- Name: roles roles_pkey; Type: CONSTRAINT; Schema: public; Owner: postgres
--

ALTER TABLE ONLY public.roles
    ADD CONSTRAINT roles_pkey PRIMARY KEY (id_rol);


--
-- TOC entry 4952 (class 2606 OID 16407)
-- Name: tipos_usuario tipos_usuario_pkey; Type: CONSTRAINT; Schema: public; Owner: postgres
--

ALTER TABLE ONLY public.tipos_usuario
    ADD CONSTRAINT tipos_usuario_pkey PRIMARY KEY (id_tipo);


--
-- TOC entry 4954 (class 2606 OID 16421)
-- Name: usuarios usuarios_correo_key; Type: CONSTRAINT; Schema: public; Owner: postgres
--

ALTER TABLE ONLY public.usuarios
    ADD CONSTRAINT usuarios_correo_key UNIQUE (correo);


--
-- TOC entry 5009 (class 2606 OID 16676)
-- Name: usuarios_groups usuarios_groups_pkey; Type: CONSTRAINT; Schema: public; Owner: postgres
--

ALTER TABLE ONLY public.usuarios_groups
    ADD CONSTRAINT usuarios_groups_pkey PRIMARY KEY (id);


--
-- TOC entry 5011 (class 2606 OID 16678)
-- Name: usuarios_groups usuarios_groups_usuario_id_group_id_key; Type: CONSTRAINT; Schema: public; Owner: postgres
--

ALTER TABLE ONLY public.usuarios_groups
    ADD CONSTRAINT usuarios_groups_usuario_id_group_id_key UNIQUE (usuario_id, group_id);


--
-- TOC entry 4956 (class 2606 OID 16419)
-- Name: usuarios usuarios_pkey; Type: CONSTRAINT; Schema: public; Owner: postgres
--

ALTER TABLE ONLY public.usuarios
    ADD CONSTRAINT usuarios_pkey PRIMARY KEY (id_usuario);


--
-- TOC entry 5013 (class 2606 OID 16698)
-- Name: usuarios_user_permissions usuarios_user_permissions_pkey; Type: CONSTRAINT; Schema: public; Owner: postgres
--

ALTER TABLE ONLY public.usuarios_user_permissions
    ADD CONSTRAINT usuarios_user_permissions_pkey PRIMARY KEY (id);


--
-- TOC entry 5015 (class 2606 OID 16700)
-- Name: usuarios_user_permissions usuarios_user_permissions_usuario_id_permission_id_key; Type: CONSTRAINT; Schema: public; Owner: postgres
--

ALTER TABLE ONLY public.usuarios_user_permissions
    ADD CONSTRAINT usuarios_user_permissions_usuario_id_permission_id_key UNIQUE (usuario_id, permission_id);


--
-- TOC entry 4972 (class 1259 OID 16645)
-- Name: auth_group_name_a6ea08ec_like; Type: INDEX; Schema: public; Owner: postgres
--

CREATE INDEX auth_group_name_a6ea08ec_like ON public.auth_group USING btree (name varchar_pattern_ops);


--
-- TOC entry 4977 (class 1259 OID 16575)
-- Name: auth_group_permissions_group_id_b120cbf9; Type: INDEX; Schema: public; Owner: postgres
--

CREATE INDEX auth_group_permissions_group_id_b120cbf9 ON public.auth_group_permissions USING btree (group_id);


--
-- TOC entry 4980 (class 1259 OID 16576)
-- Name: auth_group_permissions_permission_id_84c5c92e; Type: INDEX; Schema: public; Owner: postgres
--

CREATE INDEX auth_group_permissions_permission_id_84c5c92e ON public.auth_group_permissions USING btree (permission_id);


--
-- TOC entry 4967 (class 1259 OID 16561)
-- Name: auth_permission_content_type_id_2f476e4b; Type: INDEX; Schema: public; Owner: postgres
--

CREATE INDEX auth_permission_content_type_id_2f476e4b ON public.auth_permission USING btree (content_type_id);


--
-- TOC entry 4988 (class 1259 OID 16591)
-- Name: auth_user_groups_group_id_97559544; Type: INDEX; Schema: public; Owner: postgres
--

CREATE INDEX auth_user_groups_group_id_97559544 ON public.auth_user_groups USING btree (group_id);


--
-- TOC entry 4991 (class 1259 OID 16590)
-- Name: auth_user_groups_user_id_6a12ed8b; Type: INDEX; Schema: public; Owner: postgres
--

CREATE INDEX auth_user_groups_user_id_6a12ed8b ON public.auth_user_groups USING btree (user_id);


--
-- TOC entry 4994 (class 1259 OID 16605)
-- Name: auth_user_user_permissions_permission_id_1fbb5f2c; Type: INDEX; Schema: public; Owner: postgres
--

CREATE INDEX auth_user_user_permissions_permission_id_1fbb5f2c ON public.auth_user_user_permissions USING btree (permission_id);


--
-- TOC entry 4997 (class 1259 OID 16604)
-- Name: auth_user_user_permissions_user_id_a95ead1b; Type: INDEX; Schema: public; Owner: postgres
--

CREATE INDEX auth_user_user_permissions_user_id_a95ead1b ON public.auth_user_user_permissions USING btree (user_id);


--
-- TOC entry 4985 (class 1259 OID 16638)
-- Name: auth_user_username_6821ab7c_like; Type: INDEX; Schema: public; Owner: postgres
--

CREATE INDEX auth_user_username_6821ab7c_like ON public.auth_user USING btree (username varchar_pattern_ops);


--
-- TOC entry 5000 (class 1259 OID 16631)
-- Name: django_admin_log_content_type_id_c4bce8eb; Type: INDEX; Schema: public; Owner: postgres
--

CREATE INDEX django_admin_log_content_type_id_c4bce8eb ON public.django_admin_log USING btree (content_type_id);


--
-- TOC entry 5003 (class 1259 OID 16632)
-- Name: django_admin_log_user_id_c564eba6; Type: INDEX; Schema: public; Owner: postgres
--

CREATE INDEX django_admin_log_user_id_c564eba6 ON public.django_admin_log USING btree (user_id);


--
-- TOC entry 5004 (class 1259 OID 16659)
-- Name: django_session_expire_date_a5c62663; Type: INDEX; Schema: public; Owner: postgres
--

CREATE INDEX django_session_expire_date_a5c62663 ON public.django_session USING btree (expire_date);


--
-- TOC entry 5007 (class 1259 OID 16658)
-- Name: django_session_session_key_c0390e0f_like; Type: INDEX; Schema: public; Owner: postgres
--

CREATE INDEX django_session_session_key_c0390e0f_like ON public.django_session USING btree (session_key varchar_pattern_ops);


--
-- TOC entry 5021 (class 2606 OID 16570)
-- Name: auth_group_permissions auth_group_permissio_permission_id_84c5c92e_fk_auth_perm; Type: FK CONSTRAINT; Schema: public; Owner: postgres
--

ALTER TABLE ONLY public.auth_group_permissions
    ADD CONSTRAINT auth_group_permissio_permission_id_84c5c92e_fk_auth_perm FOREIGN KEY (permission_id) REFERENCES public.auth_permission(id) DEFERRABLE INITIALLY DEFERRED;


--
-- TOC entry 5022 (class 2606 OID 16565)
-- Name: auth_group_permissions auth_group_permissions_group_id_b120cbf9_fk_auth_group_id; Type: FK CONSTRAINT; Schema: public; Owner: postgres
--

ALTER TABLE ONLY public.auth_group_permissions
    ADD CONSTRAINT auth_group_permissions_group_id_b120cbf9_fk_auth_group_id FOREIGN KEY (group_id) REFERENCES public.auth_group(id) DEFERRABLE INITIALLY DEFERRED;


--
-- TOC entry 5020 (class 2606 OID 16556)
-- Name: auth_permission auth_permission_content_type_id_2f476e4b_fk_django_co; Type: FK CONSTRAINT; Schema: public; Owner: postgres
--

ALTER TABLE ONLY public.auth_permission
    ADD CONSTRAINT auth_permission_content_type_id_2f476e4b_fk_django_co FOREIGN KEY (content_type_id) REFERENCES public.django_content_type(id) DEFERRABLE INITIALLY DEFERRED;


--
-- TOC entry 5023 (class 2606 OID 16585)
-- Name: auth_user_groups auth_user_groups_group_id_97559544_fk_auth_group_id; Type: FK CONSTRAINT; Schema: public; Owner: postgres
--

ALTER TABLE ONLY public.auth_user_groups
    ADD CONSTRAINT auth_user_groups_group_id_97559544_fk_auth_group_id FOREIGN KEY (group_id) REFERENCES public.auth_group(id) DEFERRABLE INITIALLY DEFERRED;


--
-- TOC entry 5024 (class 2606 OID 16580)
-- Name: auth_user_groups auth_user_groups_user_id_6a12ed8b_fk_auth_user_id; Type: FK CONSTRAINT; Schema: public; Owner: postgres
--

ALTER TABLE ONLY public.auth_user_groups
    ADD CONSTRAINT auth_user_groups_user_id_6a12ed8b_fk_auth_user_id FOREIGN KEY (user_id) REFERENCES public.auth_user(id) DEFERRABLE INITIALLY DEFERRED;


--
-- TOC entry 5025 (class 2606 OID 16599)
-- Name: auth_user_user_permissions auth_user_user_permi_permission_id_1fbb5f2c_fk_auth_perm; Type: FK CONSTRAINT; Schema: public; Owner: postgres
--

ALTER TABLE ONLY public.auth_user_user_permissions
    ADD CONSTRAINT auth_user_user_permi_permission_id_1fbb5f2c_fk_auth_perm FOREIGN KEY (permission_id) REFERENCES public.auth_permission(id) DEFERRABLE INITIALLY DEFERRED;


--
-- TOC entry 5026 (class 2606 OID 16594)
-- Name: auth_user_user_permissions auth_user_user_permissions_user_id_a95ead1b_fk_auth_user_id; Type: FK CONSTRAINT; Schema: public; Owner: postgres
--

ALTER TABLE ONLY public.auth_user_user_permissions
    ADD CONSTRAINT auth_user_user_permissions_user_id_a95ead1b_fk_auth_user_id FOREIGN KEY (user_id) REFERENCES public.auth_user(id) DEFERRABLE INITIALLY DEFERRED;


--
-- TOC entry 5027 (class 2606 OID 16621)
-- Name: django_admin_log django_admin_log_content_type_id_c4bce8eb_fk_django_co; Type: FK CONSTRAINT; Schema: public; Owner: postgres
--

ALTER TABLE ONLY public.django_admin_log
    ADD CONSTRAINT django_admin_log_content_type_id_c4bce8eb_fk_django_co FOREIGN KEY (content_type_id) REFERENCES public.django_content_type(id) DEFERRABLE INITIALLY DEFERRED;


--
-- TOC entry 5028 (class 2606 OID 16626)
-- Name: django_admin_log django_admin_log_user_id_c564eba6_fk_auth_user_id; Type: FK CONSTRAINT; Schema: public; Owner: postgres
--

ALTER TABLE ONLY public.django_admin_log
    ADD CONSTRAINT django_admin_log_user_id_c564eba6_fk_auth_user_id FOREIGN KEY (user_id) REFERENCES public.auth_user(id) DEFERRABLE INITIALLY DEFERRED;


--
-- TOC entry 5019 (class 2606 OID 16459)
-- Name: estadisticas_reportes estadisticas_reportes_id_reporte_fkey; Type: FK CONSTRAINT; Schema: public; Owner: postgres
--

ALTER TABLE ONLY public.estadisticas_reportes
    ADD CONSTRAINT estadisticas_reportes_id_reporte_fkey FOREIGN KEY (id_reporte) REFERENCES public.reportes(id_reporte) ON DELETE CASCADE;


--
-- TOC entry 5018 (class 2606 OID 16444)
-- Name: reportes reportes_id_usuario_fkey; Type: FK CONSTRAINT; Schema: public; Owner: postgres
--

ALTER TABLE ONLY public.reportes
    ADD CONSTRAINT reportes_id_usuario_fkey FOREIGN KEY (id_usuario) REFERENCES public.usuarios(id_usuario);


--
-- TOC entry 5029 (class 2606 OID 16684)
-- Name: usuarios_groups usuarios_groups_group_id_fkey; Type: FK CONSTRAINT; Schema: public; Owner: postgres
--

ALTER TABLE ONLY public.usuarios_groups
    ADD CONSTRAINT usuarios_groups_group_id_fkey FOREIGN KEY (group_id) REFERENCES public.auth_group(id) DEFERRABLE INITIALLY DEFERRED;


--
-- TOC entry 5030 (class 2606 OID 16679)
-- Name: usuarios_groups usuarios_groups_usuario_id_fkey; Type: FK CONSTRAINT; Schema: public; Owner: postgres
--

ALTER TABLE ONLY public.usuarios_groups
    ADD CONSTRAINT usuarios_groups_usuario_id_fkey FOREIGN KEY (usuario_id) REFERENCES public.usuarios(id_usuario) DEFERRABLE INITIALLY DEFERRED;


--
-- TOC entry 5016 (class 2606 OID 16422)
-- Name: usuarios usuarios_id_rol_fkey; Type: FK CONSTRAINT; Schema: public; Owner: postgres
--

ALTER TABLE ONLY public.usuarios
    ADD CONSTRAINT usuarios_id_rol_fkey FOREIGN KEY (id_rol) REFERENCES public.roles(id_rol);


--
-- TOC entry 5017 (class 2606 OID 16427)
-- Name: usuarios usuarios_id_tipo_fkey; Type: FK CONSTRAINT; Schema: public; Owner: postgres
--

ALTER TABLE ONLY public.usuarios
    ADD CONSTRAINT usuarios_id_tipo_fkey FOREIGN KEY (id_tipo) REFERENCES public.tipos_usuario(id_tipo);


--
-- TOC entry 5031 (class 2606 OID 16706)
-- Name: usuarios_user_permissions usuarios_user_permissions_permission_id_fkey; Type: FK CONSTRAINT; Schema: public; Owner: postgres
--

ALTER TABLE ONLY public.usuarios_user_permissions
    ADD CONSTRAINT usuarios_user_permissions_permission_id_fkey FOREIGN KEY (permission_id) REFERENCES public.auth_permission(id) DEFERRABLE INITIALLY DEFERRED;


--
-- TOC entry 5032 (class 2606 OID 16701)
-- Name: usuarios_user_permissions usuarios_user_permissions_usuario_id_fkey; Type: FK CONSTRAINT; Schema: public; Owner: postgres
--

ALTER TABLE ONLY public.usuarios_user_permissions
    ADD CONSTRAINT usuarios_user_permissions_usuario_id_fkey FOREIGN KEY (usuario_id) REFERENCES public.usuarios(id_usuario) DEFERRABLE INITIALLY DEFERRED;


-- Completed on 2025-11-08 15:53:51

--
-- PostgreSQL database dump complete
--

\unrestrict fEBPTawdax57VxorYfCBWvk26rE4agVC9P9Y3OBArc12TY30e5xlsZsl3rjdzJj

